Country,Stock
France,19385156.454545453
Germany,12780337.727272727
Ireland,6877735.818181818
Spain,6293545.363636363
Italy,6216208.7727272725
Poland,5847294.636363637
Netherlands,3910164.090909091
Belgium,2594891.227272727
Romania,2406835.8636363638
Austria,1996759.6363636365
Denmark,1605300.7727272727
Sweden,1524183.0
Portugal,1516484.5454545454
Czechia,1406992.5909090908
